uuid,Email,Company,First Name,Screenshot
505013847,test@ech.net,TestCo,James,ss.jpg
635113848,test1@ech.net,TestCo,Joe,ss.jpg
735213848,test2@ech.net,TestCo,Jane,ss.jpg
835313848,test3@ech.net,TestCo,Jerry,ss.jpg
935413848,test3@ech.net,TestCo,Jasmine,ss.jpg
135513849,test4@ech.net,TestCo,Jake,ss.jpg
235613849,test5@ech.net,TestCo,Jack,ss.jpg
335713849,test6@ech.net,TestCo,Jacqueline,ss.jpg
435813849,test7@ech.net,TestCo,Jermaine,ss.jpg
535913842,test8@ech.net,TestCo,Jonathan,ss.jpg
636123847,test9@ech.net,TestCo,Joel,ss.jpg
736133841,test10@ech.net,TestCo,John,ss.jpg
836143841,test11@ech.net,TestCo,Jojo,ss.jpg
936163841,test12@ech.net,TestCo,Jordi,ss.jpg
536173841,test13@ech.net,TestCo,Jackson,ss.jpg
